C002,Narasim,iyvyv,khviy
C003,bauv,fhieb,kfhbeeof
C004,Bob Brown,bob.brown@example.com,password321
C005,Charlie Davis,charlie.davis@example.com,password654
C006,Diana Evans,diana.evans@example.com,password987
C007,Eve Foster,eve.foster@example.com,password111
C008,Frank Green,frank.green@example.com,password222
C009,Grace Harris,grace.harris@example.com,password333
C010,Hank Ivan,hank.ivan@example.com,password444
C011,Narasimha,narasimha@gmail.com,ihugfybig
C012,tdud,kufk,jycyuxy
